<?xml version="1.0"?>
<doc>
    <assembly>
        <name>BancoSangueAPI</name>
    </assembly>
    <members>
        <member name="M:BancoSangueAPI.Controllers.EstadoController.#ctor(BancoSangueAPI.Model.BancoSangueContext)">
            <summary>
            Controller Reponsável por dar Manutenção na table Estado
            </summary>
            <param name="context"></param>
        </member>
        <member name="M:BancoSangueAPI.Controllers.EstadoController.GetEstado">
            <summary>
            Metodo que retorna todo os Estados
            </summary>
            <returns>Lista de Estados</returns>
        </member>
        <member name="M:BancoSangueAPI.Controllers.MunicipioController.GetAll">
            <summary>
            Metodo que retorna todos os Municipios
            </summary>
            <returns>Lista de municipios</returns>
        </member>
        <member name="M:BancoSangueAPI.Model.BancoSangueContext.OnModelCreating(Microsoft.EntityFrameworkCore.ModelBuilder)">
            <summary>
            Classe Responsável por Relacionar o MAP com a sua Entidade
            </summary>
            <param name="modelBuilder"></param>
        </member>
        <member name="P:BancoSangueAPI.Startup.XmlCommentsFilePath">
            <summary>
            Returns the path of XML with the comments ///
            </summary>
        </member>
    </members>
</doc>
